<?xml version="1.0" encoding="UTF-8"?>
<beans xmlns="http://www.springframework.org/schema/beans"
       xmlns:xsi="http://www.w3.org/2001/XMLSchema-instance" xmlns:tx="http://www.springframework.org/schema/tx"
       xsi:schemaLocation="http://www.springframework.org/schema/beans http://www.springframework.org/schema/beans/spring-beans.xsd http://www.springframework.org/schema/tx http://www.springframework.org/schema/tx/spring-tx.xsd">

    <bean id="transactionManager"
          class="org.springframework.orm.hibernate5.HibernateTransactionManager">
        <property name="sessionFactory" ref="sessionFactory" />
    </bean>
    <bean id="sessionFactory" class="org.springframework.orm.hibernate5.LocalSessionFactoryBean">
        <property name="configLocation">
            <value>classpath:hibernate.cfg.xml</value>
        </property>
    </bean>

    <tx:advice id="txAdvice" transaction-manager="transactionManager">
        <tx:attributes>
            <tx:method name="select*" read-only="true" />
            <tx:method name="count*" read-only="true" />
            <tx:method name="get*" read-only="true" />
            <tx:method name="query*" read-only="true" />
            <tx:method name="find*" read-only="true" />
            <tx:method name="load*" read-only="true" />
            <!-- 其他所有方法都使用事务 -->
            <tx:method name="*" propagation="REQUIRED" read-only="false"
                       rollback-for="Exception" />
        </tx:attributes>
    </tx:advice>
</beans>